{
  "TransmissionHeader": {
    "TransmissionReference": "",
    "Version": "1.00",
    "SenderCode": "LOGOSOFT TEST ORTAMI",
    "ReceiverCode": "1",
    "DatePrepared": "2023-04-20",
    "TimePrepared": "15:09",
    "CustInvCounter": "1"
  },
  "SalesInvoice": {
    "SalesInvoiceNumber": null,
    "DocumentType": null,
    "InvoiceHeader": {
      "CompanyName": "LOGOSOFT TEST ORTAMI",
      "CompanyAddress1": "Fatih Sultan Mehmet Mah. Balkan Cad. No:47 Casper Plaza K:3 D:2",
      "CompanyAddress2": "",
      "CompanyAddress3": "",
      "CompanyTaxRegNumber": null,
      "CompanyRegNumber": null,
      "CompanyTaxNo": null,
      "CustomerPoNumber": "",
      "CustomerPoDate": "2023-04-18",
      "Customer": "M000004",
      "CustomerName": "OCCLUTECH TIBBİ ÜR.SAN.VE TİC.LTD.ŞTİ",
      "ShipAddress1": "test",
      "ShipAddress2": "test",
      "ShipAddress3": "test 34",
      "ShipAddress4": "test",
      "ShipAddress5": "TR",
      "ShipPostalCode": "test",
      "InvoiceCustomerName": null,
      "InvoiceAddress1": "test",
      "InvoiceAddress2": "test",
      "InvoiceAddress3": "test 34",
      "InvoiceAddress4": "test",
      "InvoiceAddress5": "TR",
      "InvoicePostalCode": "test",
      "SalesPersonName": "-Satış çalışanı yok-",
      "Currency": "TRY",
      "CurrencyName": "Türk Lirası",
      "CurrencyRate": "1.00",
      "DeliveryNoteNumber": "0",
      "DeliveryNote": null,
      "DispatchNote": null,
      "DispatchDate": "1899-12-30",
      "PodReference": null,
      "PodDate": null,
      "SalesOrder": "0",
      "TaxState": null,
      "TaxCountyZipCode": null,
      "ExtendedTaxCode": null,
      "InvoiceTermsDescription": null,
      "DiscountDueDate": null,
      "InvoiceDate": "2023-04-18",
      "ShipDate": "1899-12-30",
      "DiscPct": null,
      "DueDays": null,
      "DiscDays": null,
      "InvoiceDueDate": "2023-04-18",
      "SpecialInstructions": null,
      "MultiShipCode": null,
      "ShippingInstrs": null,
      "TelexNo": null,
      "OrderType": null,
      "OrderDate": "1899-12-30"
    },
    "InvoiceDetail": [
      {
        "MerchandiseLine": {
          "DetailLineNumber": "1",
          "StockCode": "E101A0099001",
          "CustomerPartNumber": null,
          "StockDescription": "ETIKETLER",
          "StockDrawingNumber": null,
          "StockLongDescription": "",
          "StockAltKey1": null,
          "StockAltKey2": null,
          "ShipQty": "1",
          "StockingUom": "Adet",
          "OrderUom": "Adet",
          "OrderQty": "1",
          "BackorderQty": "0.00",
          "StockedQtyToShip": "1",
          "UnitPrice": "100",
          "UnitPriceExDisc": "90",
          "OrderUnitPrice": "100",
          "OrderUnitPriceIncDisc": "90",
          "PriceUom": "Adet",
          "PricingContractNumber": null,
          "CustomerRetailPrice": "0.00",
          "SalesTaxPercent": "18",
          "SalesTaxCode": "",
          "SalesTaxValue": "14.58",
          "LineDiscountValue": "10",
          "NetValueIncTax": "104.58",
          "NetValueExcTax": "90",
          "ForeignSalesTaxValue": "0.00",
          "ForeignLineDiscountValue": "0.00",
          "ForeignNetValueIncTax": "0.00",
          "SoPriceUomFact": "1",
          "SoPriceUomMulDiv": "M",
          "CommentLine": null
        },
        "CommentLine": {
          "DetailLineNumber": null,
          "Comment": null
        }
      }
    ],
    "InvoiceTotal": {
      "TotalNetAmount": "102.06",
      "TotalSalesTax": "15.06",
      "TotalInvDiscAmount": "9",
      "TotalInvAmountExclTax": "0",
      "TotalTermsDiscountAmount": "0.000",
      "TotalForeignNetAmount": "0",
      "TotalForeignSalesTax": "0",
      "TotalForeignInvDiscAmount": "0",
      "TotalForeignInvAmountExclTax": "0",
      "TotalForeignTermsDiscountAmount": "0.00",
      "TotalMass": "0.00",
      "TotalVolume": "0.00",
      "TotalQuantity": "0.00"
    }
  }
}